"","city_name","lon","lat","dest_cancelled.counter","dest_delay.counter","dest_nas_delay.counter","dest_carrier_delay.counter","dest_weather_delay.counter","dest_security_delay.counter","dest_late_aircraft_delay.counter","origin_flights.sum","origin_cancelled.counter","origin_delay.counter","origin_nas_delay.counter","origin_carrier_delay.counter","origin_weather_delay.counter","origin_security_delay.counter","origin_late_aircraft_delay.counter"
"1","Aberdeen, SD",-98.4864829,45.4646985,11,120,32,27,7,0,40,728,10,201,55,46,3,2,41
"2","Abilene, TX",-99.7331439,32.4487364,20,155,80,56,21,0,77,630,18,182,61,71,18,0,57
"3","Adak Island, AK",-176.6217472,51.7615874,8,15,8,5,1,0,1,103,8,44,13,6,3,15,3
"4","Akron, OH",-81.5190053,41.0814447,132,2088,649,672,87,8,762,6180,134,1627,747,471,68,1,455
"5","Albany, GA",-84.155741,31.5785074,5,144,59,65,8,0,43,631,5,188,93,51,15,0,69
"6","Albany, NY",-73.7562317,42.6525793,177,4031,765,1238,125,9,1078,10548,186,3469,1054,976,88,5,1037
"7","Albuquerque, NM",-106.650422,35.0843859,151,8607,1449,2458,131,18,2582,20699,157,7350,1341,1634,80,7,2243
"8","Alexandria, LA",-92.4451371,31.3112936,56,398,143,140,24,0,120,1953,58,350,197,84,22,1,156
"9","Allentown/Bethlehem/Easton, PA",-75.441415,40.651834,41,803,260,271,34,1,239,2854,48,834,297,188,31,4,273
"10","Alpena, MI",-83.4327528,45.0616794,31,131,26,26,3,0,48,623,18,236,56,41,17,11,48
"11","Amarillo, TX",-101.8312969,35.2219971,69,1247,297,345,30,2,415,3692,80,896,210,199,23,1,286
"12","Anchorage, AK",-149.9002778,61.2180556,187,5091,1647,1019,113,118,903,17449,149,3268,1072,756,48,4,539
"13","Appleton, WI",-88.4153847,44.2619309,48,810,227,253,28,0,254,3325,49,738,223,141,26,0,262
"14","Arcata/Eureka, CA",-124.1065825,40.9709197,44,338,128,96,17,0,165,1204,44,351,140,19,1,1,173
"15","Asheville, NC",-82.5514869,35.5950581,76,1480,414,524,56,6,547,4587,83,1451,575,266,40,1,612
"16","Ashland, WV",-81.3526016,37.4084488,1,40,10,15,2,0,11,130,1,66,18,36,3,0,25
"17","Aspen, CO",-106.8175387,39.1910983,192,1896,679,532,104,3,626,6260,332,1786,696,339,121,2,840
"18","Atlanta, GA",-84.3879824,33.7489954,4420,109289,26850,25438,2867,132,27047,366563,4372,130933,26819,32913,5892,85,25696
"19","Atlantic City, NJ",-74.4229266,39.3642834,102,1021,427,208,34,5,145,3444,96,692,413,152,19,1,142
"20","Augusta, GA",-82.0105148,33.4734978,29,909,265,294,44,0,274,2796,34,908,279,217,16,0,350
"21","Austin, TX",-97.7430608,30.267153,527,21095,4754,6048,450,32,5750,56026,586,20711,4929,5016,372,36,5488
"22","Bakersfield, CA",-119.0187125,35.3732921,13,569,179,172,5,2,221,2235,15,462,164,83,3,1,175
"23","Baltimore, MD",-76.6121893,39.2903848,1912,40486,7012,9460,892,84,9941,103437,1857,41591,9261,11221,730,57,9994
"24","Bangor, ME",-68.7712257,44.8016128,120,516,171,154,14,0,203,1894,132,544,402,179,26,0,179
"25","Barrow, AK",-156.788611,71.2905556,14,124,35,18,9,0,33,833,19,134,45,5,5,16,43
"26","Baton Rouge, LA",-91.1871466,30.4514677,128,1804,558,673,32,0,618,6913,121,1694,543,603,28,0,565
"27","Beaumont/Port Arthur, TX",-94.1265562,30.080174,13,46,22,17,9,0,21,241,14,41,31,16,8,0,17
"28","Belleville, IL",-89.9839935,38.5200504,2,110,42,44,1,1,30,324,3,138,40,32,6,0,55
"29","Bellingham, WA",-122.4786854,48.7519112,18,303,120,91,8,2,91,1381,19,312,153,59,15,6,94
"30","Bemidji, MN",-94.8826861,47.471573,7,133,41,25,7,0,44,727,5,185,59,46,3,2,42
"31","Bend/Redmond, OR",-121.299079,44.1617823,50,982,334,267,24,1,401,3902,54,992,408,141,22,7,378
"32","Bethel, AK",-161.7558334,60.7922222,27,118,43,33,5,0,20,919,27,160,76,15,5,32,46
"33","Billings, MT",-108.5006904,45.7832856,13,857,247,268,36,0,206,3670,18,565,225,109,20,0,223
"34","Binghamton, NY",-75.9179738,42.0986867,20,228,68,72,12,0,74,874,23,213,65,37,6,0,85
"35","Birmingham, AL",-86.80249,33.5206608,237,4809,972,1471,192,4,1422,13527,240,3887,1011,867,80,7,1253
"36","Bismarck/Mandan, ND",-100.8895761,46.8266603,43,740,248,230,35,0,222,2909,47,630,225,118,22,7,269
"37","Bloomington/Normal, IL",-88.9906312,40.5142026,40,688,210,247,35,1,261,2537,45,584,246,155,26,3,243
"38","Boise, ID",-116.2023137,43.6150186,76,5580,1155,1369,105,10,1696,17288,81,4023,1101,840,95,1,1183
"39","Boston, MA",-71.0588801,42.3600825,3703,49720,18080,14298,1457,58,15504,131539,3705,47683,17202,15811,1520,113,14082
"40","Bozeman, MT",-111.0429339,45.6769979,26,1498,495,440,59,1,334,5555,34,1438,479,294,57,0,441
"41","Brainerd, MN",-94.2020084,46.3526733,10,113,29,34,5,0,39,637,10,146,67,37,4,2,39
"42","Bristol/Johnson City/Kingsport, TN",-82.1888089,36.595141,19,591,166,234,19,2,211,2052,20,487,127,116,10,1,187
"43","Brownsville, TX",-97.4974838,25.9017472,45,266,83,81,19,1,77,1434,46,185,77,32,16,1,80
"44","Brunswick, GA",-81.4914894,31.1499528,10,170,62,73,2,0,45,695,9,159,69,44,0,1,58
"45","Buffalo, NY",-78.8783689,42.8864468,515,7583,1704,2730,206,11,2333,20374,564,6482,2274,1635,179,1,2184
"46","Bullhead City, AZ",-114.5285981,35.1359386,0,50,32,32,0,0,18,290,0,105,50,8,0,0,50
"47","Burbank, CA",-118.3089661,34.1808392,390,10551,1723,3066,57,22,3522,26043,422,10576,2300,2244,74,4,3650
"48","Burlington, VT",-73.212072,44.4758825,236,1574,461,611,62,1,551,5036,264,1567,783,420,60,1,484
"49","Butte, MT",-112.5347775,46.0038232,8,105,17,20,12,0,21,675,10,96,34,9,8,0,38
"50","Cape Girardeau, MO",-89.5181476,37.3058839,13,67,17,12,1,0,32,255,13,67,35,23,1,0,19
"51","Casper, WY",-106.3251749,42.8500769,1,120,32,39,6,0,23,811,1,92,35,11,1,0,35
"52","Cedar City, UT",-113.0618931,37.6774769,1,82,103,38,2,0,19,623,1,166,62,11,1,0,80
"53","Cedar Rapids/Iowa City, IA",-104.990251,41.9778795,93,1709,622,561,102,2,576,6878,105,1862,669,362,100,4,691
"54","Champaign/Urbana, IL",-88.2433829,40.1164204,30,185,93,48,35,0,65,762,35,161,85,35,21,0,61
"55","Charleston, SC",-79.9310512,32.7764749,505,5551,1188,1676,179,8,1471,16759,535,4787,1388,1173,60,10,1534
"56","Charleston/Dunbar, WV",-81.7373485,38.3606509,92,776,208,262,53,1,257,2789,89,803,304,180,38,0,294
"57","Charlotte, NC",-80.8431267,35.2270869,2729,43355,11029,11273,1391,93,11443,149870,2452,51041,16823,15929,1814,269,13731
"58","Charlottesville, VA",-78.4766781,38.0293059,99,1100,350,369,45,2,444,3270,109,1038,370,279,29,7,403
"59","Chattanooga, TN",-85.3096801,35.0456297,93,1529,545,524,70,1,544,4884,92,1411,570,324,30,0,532
"60","Chicago, IL",-87.6297982,41.8781136,6887,116296,37608,26905,3257,206,34901,375211,6583,138640,40646,38737,6639,93,38194
"61","Cincinnati, OH",-84.5120196,39.1031182,477,9597,2402,2704,335,8,2941,29328,497,8352,3399,1890,371,7,2386
"62","Clarksburg/Fairmont, WV",-80.1425781,39.4850848,11,97,42,40,2,0,41,373,12,100,56,46,5,0,16
"63","Cleveland, OH",-81.6943605,41.49932,695,12942,3280,3826,372,6,4005,40705,709,11306,4268,3070,184,34,3111
"64","Cody, WY",-109.0565308,44.5263422,8,148,45,36,8,0,32,991,12,168,71,22,7,2,57
"65","College Station/Bryan, TX",-96.3344068,30.627977,43,303,90,106,13,0,105,1650,44,268,89,64,11,0,104
"66","Colorado Springs, CO",-104.8213634,38.8338816,107,3051,1014,949,97,2,1047,9707,106,2357,871,656,85,1,623
"67","Columbia, MO",-92.3340724,38.9517053,39,344,117,106,30,0,129,1338,39,266,185,78,12,1,92
"68","Columbia, SC",-81.0348144,34.0007104,84,1339,263,447,67,0,346,4391,71,954,299,243,25,0,302
"69","Columbus, GA",-84.9877094,32.4609764,6,232,70,94,8,0,70,849,7,232,89,65,3,0,108
"70","Columbus, MS",-88.4272627,33.4956744,13,249,93,68,7,0,114,957,11,203,84,38,7,0,97
"71","Columbus, OH",-82.9987942,39.9611755,521,11275,2450,3307,311,13,3262,30986,546,9924,3065,2449,253,3,2916
"72","CONCORD, NC",-80.579511,35.4087517,2,93,26,27,4,0,22,292,3,107,43,11,0,1,49
"73","Cordova, AK",-145.7525414,60.5424087,7,147,64,41,4,0,48,724,8,143,66,11,3,9,65
"74","Corpus Christi, TX",-97.396381,27.8005828,142,1104,296,373,49,0,399,3585,138,853,306,157,31,0,351
"75","Dallas, TX",-96.7969879,32.7766642,1071,32253,6704,8513,423,57,9623,70155,1021,38924,7005,10979,663,88,11352
"76","Dallas/Fort Worth, TX",-97.0403352,32.8998091,3152,60389,18244,15480,2377,179,16596,210467,2870,72012,21385,23691,3287,54,18431
"77","Dayton, OH",-84.1916069,39.7589478,208,2556,808,888,133,4,895,8333,211,2348,929,600,72,0,898
"78","Daytona Beach, FL",-81.0228331,29.2108147,38,858,184,239,63,4,188,2515,39,657,167,171,22,0,229
"79","Deadhorse, AK",-148.4597191,70.2001996,5,119,34,31,7,0,18,763,15,102,24,8,9,0,30
"80","Denver, CO",-104.990251,39.7392358,1467,74152,17574,17815,1562,105,19282,226778,1324,82496,22305,20736,1672,49,20430
"81","Des Moines, IA",-93.6091064,41.6005448,128,3224,868,995,115,2,956,10464,138,2735,993,632,132,10,831
"82","Detroit, MI",-83.0457538,42.331427,1636,39584,9545,8929,1273,73,11219,137387,1556,39098,13038,10893,1318,39,8929
"83","Devils Lake, ND",-98.8651202,48.112779,27,139,38,29,3,1,56,624,21,117,29,18,4,1,31
"84","Dillingham, AK",-158.4575,59.0397222,0,11,4,5,1,0,0,84,0,20,6,3,0,4,2
"85","Dothan, AL",-85.3904888,31.2232313,18,352,123,108,8,0,148,1293,18,359,173,88,13,0,168
"86","Dubuque, IA",-90.6645718,42.5005583,20,70,40,19,13,0,35,343,22,69,46,11,10,0,29
"87","Duluth, MN",-92.1004852,46.7866719,98,759,178,215,32,0,221,2724,99,573,236,82,20,0,249
"88","Durango, CO",-107.8800667,37.27528,27,449,153,146,16,1,153,1926,28,383,141,61,18,0,169
"89","Eagle, CO",-106.8286507,39.6552634,29,574,239,191,51,1,107,1795,39,557,190,124,29,0,213
"90","Eau Claire, WI",-91.4984941,44.811349,20,169,62,65,6,0,67,687,21,138,57,29,0,0,47
"91","El Paso, TX",-106.4850217,31.7618778,142,5341,852,1571,113,5,1691,12394,149,4373,801,1030,67,5,1363
"92","Elko, NV",-115.7631232,40.8324211,2,60,42,13,8,0,22,660,3,99,35,7,4,2,29
"93","Elmira/Corning, NY",-76.893638,42.15987,0,90,19,32,0,0,21,288,0,97,21,25,3,0,34
"94","Erie, PA",-80.085059,42.1292241,22,370,117,114,12,0,127,1369,21,291,93,39,7,0,134
"95","Escanaba, MI",-87.0645801,45.7452466,11,145,41,38,10,0,40,625,13,193,53,20,6,1,88
"96","Eugene, OR",-123.0867536,44.0520691,17,1140,418,334,15,1,421,4149,12,1123,482,192,28,1,375
"97","Evansville, IN",-87.5710898,37.9715592,59,673,206,223,29,0,249,2682,54,573,240,156,32,0,173
"98","Fairbanks, AK",-147.7163888,64.8377778,25,903,316,171,18,9,137,3603,20,611,198,142,8,8,103
"99","Fargo, ND",-96.7898034,46.8771863,60,1005,325,317,50,1,312,4141,66,912,404,204,34,3,337
"100","Fayetteville, AR",-94.1718542,36.082156,128,2079,683,652,95,0,637,7510,144,1774,622,304,89,3,685
"101","Fayetteville, NC",-78.8783585,35.0526641,28,631,162,222,37,2,190,1937,32,603,157,133,16,0,226
"102","Flagstaff, AZ",-111.651302,35.1982836,19,257,49,58,2,0,85,1286,20,278,79,34,5,3,72
"103","Flint, MI",-83.6874562,43.0125274,80,1391,333,339,58,2,434,4107,78,1111,487,280,30,4,431
"104","Florence, SC",-79.7625625,34.1954331,2,61,18,30,2,0,20,156,3,64,10,31,0,0,24
"105","Fort Lauderdale, FL",-80.1373174,26.1224386,2118,34140,10212,10824,728,89,8739,88767,2056,34941,11391,10716,1304,213,9253
"106","Fort Myers, FL",-81.8723084,26.640628,586,10671,3227,3367,330,11,2555,31205,617,10089,2806,2490,178,9,3107
"107","Fort Smith, AR",-94.3985475,35.3859242,21,335,96,129,10,0,125,1383,22,231,75,64,14,0,113
"108","Fort Wayne, IN",-85.1393513,41.079273,90,1914,665,587,84,2,878,6144,77,1585,604,458,56,3,558
"109","Fresno, CA",-119.7871247,36.7377981,43,2094,619,602,33,0,794,8843,53,2035,721,498,20,2,549
"110","Gainesville, FL",-82.3248262,29.6516344,27,664,195,238,30,0,214,2157,35,662,179,184,18,0,254
"111","Garden City, KS",-100.8726618,37.9716898,5,42,16,12,11,0,19,240,5,65,14,11,7,0,17
"112","Gillette, WY",-105.5022205,44.2910915,13,203,80,64,9,0,83,976,14,169,67,27,10,1,76
"113","Grand Forks, ND",-97.0328547,47.9252568,25,328,100,100,11,0,95,1568,28,273,100,59,19,5,112
"114","Grand Island, NE",-98.3420118,40.9263957,11,150,58,54,9,0,58,533,11,187,75,51,21,2,41
"115","Grand Junction, CO",-108.5506486,39.0638705,6,495,140,123,13,0,135,2877,9,380,110,56,7,0,126
"116","Grand Rapids, MI",-85.6680863,42.9633599,206,4102,1072,1285,168,3,1222,12662,199,3579,1342,857,136,2,1223
"117","Great Falls, MT",-111.3007715,47.5052849,6,330,80,97,8,0,74,1636,6,278,80,51,20,0,73
"118","Green Bay, WI",-88.0132958,44.5133188,92,1134,387,323,42,0,418,4425,94,796,381,128,27,1,370
"119","Greensboro/High Point, NC",-79.8296743,36.0899873,190,2533,742,839,133,1,770,7847,214,2058,874,487,45,1,733
"120","Greenville, NC",-77.3663538,35.612661,3,33,15,18,2,0,13,99,3,42,11,19,0,1,16
"121","Greer, SC",-82.2270568,34.9387279,120,2789,607,896,123,3,834,8200,138,2262,650,477,30,6,622
"122","Gulfport/Biloxi, MS",-89.0928155,30.3674198,59,692,224,231,44,3,169,2893,62,610,212,127,23,0,199
"123","Gunnison, CO",-106.9253207,38.5458246,1,44,17,22,2,0,7,183,2,40,10,3,1,0,19
"124","Gustavus, AK",-135.7369443,58.4133333,4,18,3,4,1,0,3,84,4,14,7,6,0,2,8
"125","Hagerstown, MD",-77.7199932,39.6417629,0,15,4,10,0,0,5,35,0,20,6,5,3,1,14
"126","Hancock/Houghton, MI",-88.5809563,47.1268714,37,187,67,52,6,1,75,727,40,126,64,30,7,2,55
"127","Harlingen/San Benito, TX",-97.6311006,26.132576,82,1255,185,345,17,1,442,2826,85,988,262,245,10,1,416
"128","Harrisburg, PA",-76.8867008,40.2731911,93,1092,315,341,66,0,278,4263,100,940,314,215,40,0,297
"129","Hartford, CT",-72.6733723,41.7658043,570,8777,1767,2803,273,13,2350,23966,606,6788,2078,1994,156,5,1867
"130","Hattiesburg/Laurel, MS",-89.335421,31.468239,23,239,103,49,4,0,164,722,30,219,86,72,5,2,88
"131","Hayden, CO",-107.2636842,40.4894302,10,331,138,106,28,0,85,1131,24,292,101,56,13,0,117
"132","Hays, KS",-99.3267702,38.8791783,11,139,61,45,4,0,66,664,13,120,45,19,3,0,46
"133","Helena, MT",-112.0391057,46.5891452,7,356,101,92,10,0,93,1670,7,239,122,54,9,1,51
"134","Hibbing, MN",-92.9376887,47.4271546,10,81,22,21,7,0,23,624,11,93,43,18,4,1,35
"135","Hilo, HI",-155.0868193,19.7241106,11,1648,61,505,42,1,336,6208,17,1805,59,364,47,0,521
"136","Hobbs, NM",-103.1360403,32.7026116,19,94,34,26,5,0,19,659,21,62,41,11,7,0,11
"137","Honolulu, HI",-157.8583333,21.3069444,165,15448,1280,4005,425,19,3037,48154,146,12494,992,3832,202,25,1788
"138","Houston, TX",-95.3698028,29.7604267,6241,56477,17098,14269,1618,70,14977,196892,6209,62766,15271,15930,2129,57,15018
"139","Huntsville, AL",-86.5861037,34.7303688,108,1468,342,463,93,3,387,5398,117,1167,373,248,37,1,439
"140","Hyannis, MA",-70.2881124,41.6524911,1,28,8,17,0,0,12,94,1,52,19,10,1,1,15
"141","Idaho Falls, ID",-112.0407584,43.4926607,6,514,151,151,20,0,141,2455,9,477,118,64,11,0,162
"142","Indianapolis, IN",-86.158068,39.768403,485,12246,2575,3588,318,15,3565,34035,484,10421,3281,2433,369,8,2878
"143","International Falls, MN",-93.4040679,48.6023149,11,108,27,25,6,0,29,625,12,91,40,12,1,1,54
"144","Iron Mountain/Kingsfd, MI",-88.0720706,45.7949561,7,134,37,41,6,0,46,676,11,200,56,29,8,2,81
"145","Islip, NY",-73.2103934,40.7298207,186,2545,378,685,45,3,747,5923,196,2205,556,598,36,2,596
"146","Ithaca/Cortland, NY",-76.5002026,42.4383677,8,253,67,74,16,1,81,1002,9,248,124,58,13,1,124
"147","Jackson, WY",-110.7624282,43.4799291,16,1093,319,336,56,0,269,3725,33,1006,343,209,40,0,304
"148","Jackson/Vicksburg, MS",-90.8745758,32.3522304,116,1412,382,439,93,2,344,5489,124,1254,420,313,58,1,406
"149","Jacksonville, FL",-81.655651,30.3321838,462,7512,1844,2622,277,8,2090,20775,480,6281,1698,1692,202,6,2078
"150","Jacksonville/Camp Lejeune, NC",-77.4013403,34.6250544,37,521,150,233,17,5,136,1473,42,410,101,114,4,1,161
"151","Jamestown, ND",-98.7084357,46.9105438,23,183,61,52,7,1,55,987,43,208,49,45,5,1,74
"152","Joplin, MO",-94.513281,37.0842271,12,103,40,30,11,0,46,466,15,107,74,41,8,0,43
"153","Juneau, AK",-134.4197221,58.3019444,39,902,319,193,24,10,201,4429,50,907,325,205,23,19,226
"154","Kahului, HI",-156.4729469,20.8893351,62,6615,880,1967,118,8,994,24607,112,7198,634,2065,149,15,1861
"155","Kalamazoo, MI",-85.5872286,42.2917069,53,612,194,190,38,0,220,2341,57,476,233,102,23,1,253
"156","Kalispell, MT",-114.316813,48.1919889,7,606,172,174,17,0,148,2369,8,472,169,65,21,1,192
"157","Kansas City, MO",-94.5785667,39.0997265,588,18618,3241,5118,370,25,5159,48337,614,15768,3295,3214,325,23,4435
"158","Ketchikan, AK",-131.6461112,55.3422222,14,584,271,166,12,5,103,2426,30,583,199,94,17,4,188
"159","Key West, FL",-81.7799871,24.5550593,83,590,186,199,27,0,125,2816,87,769,192,139,6,1,195
"160","Killeen, TX",-97.7277959,31.1171194,59,473,143,185,19,0,126,1865,64,459,173,142,15,1,149
"161","King Salmon, AK",-156.661351,58.6883251,0,16,2,2,0,0,2,63,0,14,4,1,0,1,2
"162","Knoxville, TN",-83.9207392,35.9606384,173,2769,958,1016,132,2,920,9194,170,2409,864,629,62,2,780
"163","Kodiak, AK",-152.4072221,57.79,29,100,49,34,17,0,17,645,29,120,46,9,4,9,49
"164","Kona, HI",-155.9969261,19.639994,20,3643,474,963,73,5,596,14159,56,3695,454,898,88,23,980
"165","Kotzebue, AK",-162.5966666,66.8983333,30,118,31,19,6,2,17,720,38,168,66,28,13,11,42
"166","La Crosse, WI",-91.2519017,43.8137751,33,526,255,151,28,1,232,2096,34,464,180,64,25,1,233
"167","Lafayette, LA",-92.0198427,30.2240897,75,603,191,197,32,0,172,2987,76,580,244,134,32,1,246
"168","Lake Charles, LA",-93.2173758,30.2265949,48,211,103,72,17,0,61,1284,48,157,66,46,10,0,55
"169","Lansing, MI",-84.5555347,42.732535,40,611,185,174,32,0,221,2576,41,546,232,99,16,0,256
"170","Laramie, WY",-105.5911007,41.3113669,8,124,49,43,5,0,45,624,9,112,65,26,10,0,46
"171","Laredo, TX",-99.4803241,27.5305671,64,346,155,120,24,0,105,1962,64,362,144,115,7,1,139
"172","Las Vegas, NV",-115.1398296,36.1699412,1208,60621,13891,15215,1004,131,16542,155112,1274,64653,13567,16519,601,94,17872
"173","Latrobe, PA",-79.3794811,40.3211808,21,296,143,70,14,5,66,1057,28,223,113,54,2,3,73
"174","Lawton/Fort Sill, OK",-98.4184224,34.5938359,26,221,63,103,8,0,76,948,29,206,100,70,12,0,83
"175","Lewisburg, WV",-80.4456303,37.8017879,0,11,8,2,1,0,2,58,1,16,13,4,2,0,8
"176","Lewiston, ID",-117.001189,46.4004089,1,65,17,20,4,0,10,759,1,57,5,6,1,0,22
"177","Lexington, KY",-84.5037164,38.0405837,128,1702,452,563,72,4,527,6353,143,1483,706,299,54,1,580
"178","Liberal, KS",-100.920999,37.0430812,1,35,15,6,1,0,16,143,1,32,17,9,2,0,11
"179","Lihue, HI",-159.3711111,21.9811111,38,3423,360,1051,69,8,563,13104,72,3389,294,810,100,0,1003
"180","Lincoln, NE",-96.7025955,40.813616,25,622,232,216,19,1,191,2526,24,525,194,106,20,1,181
"181","Little Rock, AR",-92.2895948,34.7464809,103,3208,704,982,131,4,911,9295,106,2673,721,652,82,3,791
"182","Long Beach, CA",-118.1937395,33.7700504,121,6387,1392,2355,88,9,2382,17012,116,5398,1265,1630,49,3,1825
"183","Longview, TX",-94.7404891,32.5007037,13,30,16,10,6,0,13,223,14,40,20,9,6,0,18
"184","Los Angeles, CA",-118.2436849,34.0522342,2039,78747,27803,19116,1738,165,19092,216648,1958,81771,21312,21826,523,142,22247
"185","Louisville, KY",-85.7584557,38.2526647,242,4712,1058,1334,176,6,1287,13473,258,4290,1311,1005,105,9,1301
"186","Lubbock, TX",-101.8551665,33.5778631,68,1822,347,519,36,1,608,4858,74,1401,345,320,33,1,518
"187","Lynchburg, VA",-79.1422464,37.4137536,12,104,33,44,6,0,28,303,14,88,28,25,6,0,28
"188","Madison, WI",-89.4012302,43.0730517,142,2728,839,819,104,0,868,10001,141,2311,817,386,91,1,912
"189","Mammoth Lakes, CA",-118.972079,37.648546,13,43,11,11,1,0,18,104,13,42,12,3,1,0,25
"190","Manchester, NH",-71.4547891,42.9956397,251,3015,460,847,57,0,930,7738,256,2018,652,430,37,1,594
"191","Manhattan/Ft. Riley, KS",-96.5716694,39.1836082,21,390,166,145,30,0,164,1435,25,275,139,83,13,0,120
"192","Marquette, MI",-87.3955954,46.5475825,35,229,86,58,18,0,78,1010,38,236,133,60,13,2,78
"193","Martha's Vineyard, MA",-70.645473,41.3804981,3,81,20,40,3,0,23,241,6,158,50,43,5,4,46
"194","Medford, OR",-122.8755949,42.3265152,43,1042,380,301,26,0,405,3852,41,1227,409,179,13,1,407
"195","Melbourne, FL",-80.6081089,28.0836269,22,506,107,165,31,2,112,1871,24,393,109,98,16,0,119
"196","Memphis, TN",-90.0489801,35.1495343,272,6147,1379,1862,231,7,1642,17065,291,5054,1360,1253,119,3,1450
"197","Meridian, MS",-88.703656,32.3643098,27,396,150,124,12,2,173,1087,26,402,187,66,10,2,254
"198","Miami, FL",-80.1917902,25.7616798,1645,23069,6986,6822,792,41,5025,71263,1607,23820,6945,6682,1020,46,5103
"199","Midland/Odessa, TX",-102.3676431,31.8456816,112,2211,491,627,57,4,706,6386,125,1836,417,428,59,7,658
"200","Milwaukee, WI",-87.9064736,43.0389025,441,11229,2383,3155,236,16,3360,30961,447,9306,2734,2008,273,8,2524
"201","Minneapolis, MN",-93.2650108,44.977753,1646,38892,9893,8809,1301,61,9787,143233,1631,38008,12941,9523,1190,23,7892
"202","Minot, ND",-101.2922906,48.2329668,33,449,154,121,13,0,131,1957,36,396,99,79,28,5,101
"203","Mission/McAllen/Edinburg, TX",-98.3252932,26.2159066,71,713,215,275,56,0,207,2815,76,536,169,160,15,1,175
"204","Missoula, MT",-113.9940314,46.8721284,9,630,208,178,16,1,153,2481,10,549,152,79,20,0,162
"205","Mobile, AL",-88.0398912,30.6953657,125,1120,364,357,59,1,373,4556,134,967,354,206,23,0,397
"206","Moline, IL",-90.5151342,41.5067003,58,1062,347,378,39,0,362,3658,70,921,357,213,45,1,387
"207","Monroe, LA",-92.1193012,32.5093109,42,530,146,175,16,0,203,2311,43,493,175,127,13,0,221
"208","Monterey, CA",-121.8946761,36.6002378,53,775,309,191,7,0,404,2839,54,706,407,74,5,0,373
"209","Montgomery, AL",-86.2999689,32.3668052,45,695,240,247,38,1,283,2228,50,741,236,196,19,1,313
"210","Montrose/Delta, CO",-108.0300893,38.7030605,17,230,98,100,9,0,62,920,19,248,102,41,3,1,122
"211","Mosinee, WI",-89.7031784,44.7930232,45,397,164,166,21,1,138,1704,51,350,185,72,12,1,185
"212","Muskegon, MI",-86.2483921,43.2341813,28,161,46,66,10,0,50,686,28,159,76,12,1,0,99
"213","Myrtle Beach, SC",-78.8866943,33.6890603,182,1860,683,460,78,8,363,7669,195,1984,890,315,13,5,457
"214","Nantucket, MA",-70.099451,41.2834704,19,219,84,100,27,1,71,665,22,362,135,96,4,25,134
"215","Nashville, TN",-86.7816016,36.1626638,771,23476,4409,6565,509,35,6662,61065,825,24051,5302,5779,418,35,6670
"216","New Bern/Morehead/Beaufort, NC",-76.7239774,34.6988297,22,265,90,102,10,1,95,826,25,196,54,51,8,0,71
"217","New Haven, CT",-72.9278835,41.308274,42,116,33,42,11,1,38,344,53,77,34,32,1,0,32
"218","New Orleans, LA",-90.0715323,29.9510658,803,19003,4704,5644,483,22,5132,50904,860,19091,4602,4683,528,22,5625
"219","New York, NY",-74.0059728,40.7127753,7921,82624,32579,20756,2356,158,22625,218826,7898,73127,27273,24910,2218,176,22707
"220","Newark, NJ",-74.1723667,40.735657,3889,50373,27887,9004,1208,36,11384,123906,3800,42503,15218,14557,1124,57,16278
"221","Newburgh/Poughkeepsie, NY",-73.7477857,41.6230989,40,581,189,242,25,1,195,1516,49,611,189,201,10,4,334
"222","Newport News/Williamsburg, VA",-76.492778,37.131667,41,532,111,194,25,1,142,1663,45,428,95,91,8,0,160
"223","Niagara Falls, NY",-79.0377388,43.0962143,21,162,53,37,7,3,31,608,26,170,80,36,4,0,56
"224","Nome, AK",-165.4063889,64.5011111,32,133,49,30,10,1,23,718,31,157,59,19,10,16,45
"225","Norfolk, VA",-76.2858726,36.8507689,467,5131,1105,1569,202,2,1419,14663,472,4335,1300,1116,73,7,1253
"226","North Bend/Coos Bay, OR",-124.2242803,43.4065012,13,155,51,30,5,0,93,326,14,140,48,6,2,0,93
"227","North Platte, NE",-100.7601454,41.1402759,2,30,12,10,2,0,11,150,3,17,12,2,1,0,10
"228","Oakland, CA",-122.2711137,37.8043637,595,23541,3594,6056,152,28,6954,51222,563,23832,4309,6252,107,48,6392
"229","Ogden, UT",-111.9738304,41.223,1,4,2,2,0,0,1,55,1,29,6,5,0,0,3
"230","Ogdensburg, NY",-75.4863364,44.6942291,4,14,5,3,3,0,0,68,5,30,15,4,1,0,7
"231","Oklahoma City, OK",-97.5164276,35.4675602,170,6375,1309,1882,158,5,1794,17167,191,4881,1125,1059,124,8,1527
"232","Omaha, NE",-95.9345034,41.2565369,223,7530,1510,2127,211,6,2225,20869,229,5655,1756,1322,96,3,1716
"233","Ontario, CA",-117.6508876,34.0633443,161,8614,1441,2474,78,18,2795,21106,180,8099,1721,1646,47,23,2529
"234","Orlando, FL",-81.3792365,28.5383355,2509,48115,13590,14780,1163,97,12988,129151,2450,49036,12172,12578,1634,131,12699
"235","Owensboro, KY",-87.1111676,37.7719074,3,15,2,5,0,0,9,37,3,20,6,6,2,0,10
"236","Paducah, KY",-88.6000478,37.0833893,22,191,65,55,4,0,69,688,24,155,83,24,4,1,60
"237","Palm Springs, CA",-116.5452921,33.8302961,64,2598,954,690,56,1,857,9599,71,2405,875,520,27,5,625
"238","Panama City, FL",-85.6602058,30.1588129,75,1648,269,446,60,1,401,4512,76,1220,236,258,34,0,389
"239","Pasco/Kennewick/Richland, WA",-119.119948,46.2086683,50,1047,338,269,21,0,385,3804,53,747,282,113,19,1,352
"240","Pellston, MI",-84.7839364,45.552789,33,235,70,65,18,7,53,1024,56,258,45,24,8,4,97
"241","Pensacola, FL",-87.2169149,30.421309,113,2171,419,626,100,4,546,6872,121,1583,371,318,36,3,512
"242","Peoria, IL",-89.5889864,40.6936488,62,1035,389,333,59,1,428,3653,76,969,358,248,61,2,408
"243","Petersburg, AK",-132.9555556,56.8125,10,195,74,38,8,2,70,726,16,145,54,12,4,2,59
"244","Philadelphia, PA",-75.1652215,39.9525839,2237,27204,9018,6899,895,49,6755,85047,2192,29057,11357,9515,596,65,8062
"245","Phoenix, AZ",-112.0740373,33.4483771,1307,61756,16251,15113,888,107,15820,162296,962,60665,11347,14019,343,166,15217
"246","Pittsburgh, PA",-79.9958864,40.4406248,600,12148,2504,3868,338,19,3515,35199,622,9901,3600,2255,207,12,2841
"247","Plattsburgh, NY",-73.4529124,44.6994873,8,159,52,45,3,1,21,561,9,193,92,49,7,1,61
"248","Pocatello, ID",-112.4506191,42.8621042,3,155,76,41,7,0,36,1068,2,192,105,19,3,0,84
"249","Portland, ME",-70.2568189,43.6590993,313,2475,624,923,62,4,833,7327,358,2203,875,581,42,3,785
"250","Portland, OR",-122.6587185,45.5122308,376,20587,5322,5376,323,52,5692,63687,388,18606,4944,3880,236,18,4216
"251","Portsmouth, NH",-70.7625532,43.0717552,2,41,14,15,1,1,15,117,5,50,14,13,3,0,22
"252","Providence, RI",-71.4128343,41.8239891,437,5835,1119,1689,139,5,1691,15390,466,4845,1617,1255,79,3,1323
"253","Provo, UT",-111.6585337,40.2338438,4,46,17,19,0,1,15,169,4,58,12,14,2,0,21
"254","Pueblo, CO",-104.6091409,38.2544472,2,71,25,23,5,0,25,329,5,75,42,15,2,2,28
"255","Punta Gorda, FL",-82.0453664,26.9297836,11,817,288,223,27,3,310,1976,6,667,190,194,15,10,185
"256","Quincy, IL",-91.4098726,39.9356016,22,104,59,40,3,0,38,384,28,112,44,11,1,0,69
"257","Raleigh/Durham, NC",-78.8636402,35.8991678,790,15718,3852,5184,468,21,4428,43547,852,15224,4620,3946,329,19,4559
"258","Rapid City, SD",-103.2310149,44.0805434,41,845,250,250,33,1,261,3545,45,749,217,128,37,2,256
"259","Redding, CA",-122.3916754,40.5865396,27,285,91,88,3,0,136,1065,31,247,152,14,2,0,120
"260","Reno, NV",-119.8138027,39.5296329,93,6648,1379,1925,90,9,2104,16590,120,6026,1405,1330,67,5,1954
"261","Rhinelander, WI",-89.4120753,45.6366228,19,135,27,20,6,0,30,726,20,104,46,25,4,3,36
"262","Richmond, VA",-77.4360481,37.5407246,419,6392,1680,2352,222,10,2032,18166,417,5769,2108,1751,93,12,1739
"263","Roanoke, VA",-79.9414266,37.2709704,38,582,168,199,33,0,167,1765,43,641,184,157,14,0,237
"264","Rochester, MN",-92.4801989,44.0121221,73,944,347,301,29,0,381,3117,81,810,409,221,36,2,400
"265","Rochester, NY",-77.6088465,43.1565779,298,3208,739,1143,111,2,966,9693,320,2758,1069,651,88,3,905
"266","Rock Springs, WY",-109.2029043,41.5874644,6,128,34,37,0,0,54,673,8,113,32,9,7,2,32
"267","Rockford, IL",-89.0939952,42.2711311,0,58,14,17,0,1,14,258,1,83,30,26,2,1,26
"268","Roswell, NM",-104.5230242,33.3942655,10,120,32,36,8,1,36,715,13,137,42,39,5,1,43
"269","Sacramento, CA",-121.4943996,38.5815719,291,18601,3075,4969,228,32,5841,45838,297,16442,3205,3491,124,12,4966
"270","Saginaw/Bay City/Midland, MI",-84.081498,43.538647,40,621,180,191,29,0,217,2711,44,471,195,107,22,0,212
"271","Salina, KS",-97.6114237,38.8402805,0,15,9,6,0,0,7,56,0,18,10,1,0,0,10
"272","Salt Lake City, UT",-111.8910474,40.7607793,421,31163,6770,7324,696,58,8369,112248,366,30606,6984,6844,902,25,6272
"273","San Angelo, TX",-100.4370375,31.4637723,16,224,77,79,9,0,92,1074,20,264,84,82,13,0,101
"274","San Antonio, TX",-98.4936282,29.4241219,391,14155,2670,4039,362,14,4011,35319,427,11672,2418,2806,146,8,3412
"275","San Diego, CA",-117.1610838,32.715738,791,32905,7286,8612,541,56,8840,86872,868,30610,7693,6306,208,83,8588
"276","San Francisco, CA",-122.4194155,37.7749295,2562,66135,30781,12764,1771,94,18174,177658,2550,62732,22367,16560,553,104,21633
"277","San Jose, CA",-121.8863286,37.3382082,374,19323,3449,5197,190,28,6058,51177,397,18771,3552,4924,105,68,5535
"278","San Luis Obispo, CA",-120.6596156,35.2827524,61,988,513,278,20,2,488,3818,70,1072,580,167,7,6,452
"279","Sanford, FL",-81.269453,28.8028612,25,1491,461,444,75,9,640,3306,18,1104,328,416,35,8,292
"280","Santa Ana, CA",-117.867653,33.7454725,303,14850,2853,3904,233,20,3932,41953,333,14658,3200,2686,142,5,4005
"281","Santa Barbara, CA",-119.6981901,34.4208305,112,1490,546,405,35,1,662,5830,111,1326,626,140,16,0,593
"282","Santa Fe, NM",-105.937799,35.6869752,7,319,80,139,1,0,96,1456,11,286,66,73,1,0,128
"283","Santa Maria, CA",-120.4357191,34.9530337,0,8,0,1,0,0,1,52,0,19,4,5,0,0,3
"284","Santa Rosa, CA",-122.7140548,38.440429,74,413,168,107,9,0,198,1482,76,492,265,113,4,4,248
"285","Sarasota/Bradenton, FL",-82.5306527,27.3364347,70,1227,306,370,57,0,222,3924,81,1083,293,283,17,1,336
"286","Sault Ste. Marie, MI",-84.3475876,46.4977115,12,168,43,50,5,0,53,676,15,186,102,51,6,11,65
"287","Savannah, GA",-81.091203,32.0808989,279,2968,722,933,142,5,774,9945,316,2844,821,588,77,1,814
"288","Scottsbluff, NE",-103.6671662,41.8666341,2,34,14,13,4,0,14,155,2,24,22,7,0,0,14
"289","Scranton/Wilkes-Barre, PA",-75.9927652,41.2981769,57,747,183,224,34,1,255,2407,63,669,273,145,27,0,220
"290","Seattle, WA",-122.3320708,47.6062095,865,42554,15545,9542,1067,130,9985,139132,694,43811,13523,9365,859,97,9140
"291","Shreveport, LA",-93.7501789,32.5251516,99,1294,358,485,33,0,430,5285,109,1209,414,309,26,0,503
"292","Sioux City, IA",-96.4049408,42.4963416,18,114,56,41,12,0,40,397,22,142,57,30,15,2,56
"293","Sioux Falls, SD",-96.7311034,43.5445959,71,1393,457,442,78,2,410,4990,82,1335,529,324,83,6,463
"294","Sitka, AK",-135.33,57.0530556,14,281,93,64,4,1,72,1344,12,227,65,32,11,5,66
"295","South Bend, IN",-86.2519898,41.6763545,94,1556,492,434,71,0,620,5653,86,1465,616,445,86,4,436
"296","Spokane, WA",-117.4260465,47.6587802,48,4000,1140,1115,72,6,1058,12143,66,3296,981,588,64,3,969
"297","Springfield, IL",-89.6501481,39.7817213,31,323,116,105,14,0,129,1295,30,313,145,74,7,0,131
"298","Springfield, MO",-93.2922989,37.2089572,109,1149,376,390,68,6,301,4699,118,1232,498,289,103,0,393
"299","St. Augustine, FL",-81.3124341,29.9012437,0,33,19,18,0,0,23,60,0,36,15,15,0,0,26
"300","St. Cloud, MN",-94.1632404,45.5579451,1,19,4,5,0,0,2,71,1,28,7,5,0,2,9
"301","St. George, UT",-113.5684164,37.0965278,4,442,194,128,11,0,148,3030,4,621,203,96,4,0,195
"302","St. Louis, MO",-90.1994042,38.6270025,710,23391,4209,6322,401,32,6699,59350,733,25478,5024,5856,367,20,6516
"303","St. Petersburg, FL",-82.6402915,27.7676008,16,832,250,206,30,4,291,2559,12,508,145,172,28,0,119
"304","State College, PA",-77.8600012,40.7933949,17,411,102,126,11,1,140,1494,16,367,137,69,20,1,161
"305","Staunton, VA",-79.0716958,38.149576,2,14,8,4,2,0,9,74,1,19,6,3,1,0,4
"306","Stillwater, OK",-97.0583681,36.1156071,6,50,12,21,4,0,17,227,6,44,15,11,4,0,16
"307","Stockton, CA",-121.2907796,37.9577016,0,94,37,34,4,0,46,223,0,151,29,60,5,2,81
"308","Sun Valley/Hailey/Ketchum, ID",-114.3311763,43.6761518,14,313,77,77,14,0,61,1277,107,240,115,32,4,2,92
"309","Syracuse, NY",-76.1474244,43.0481221,289,2808,744,1112,102,3,946,8781,311,2244,1030,593,89,5,747
"310","Tallahassee, FL",-84.2807329,30.4382559,44,897,204,321,55,3,223,3348,54,794,215,196,29,0,276
"311","Tampa, FL",-82.4571776,27.950575,1319,26588,6934,7994,678,48,7045,70944,1360,25453,5864,6434,698,17,7632
"312","Texarkana, AR",-94.0376881,33.4417915,16,59,16,23,6,0,17,329,21,68,22,14,7,0,18
"313","Toledo, OH",-83.5378674,41.6528052,24,322,113,105,17,0,127,942,27,282,100,63,14,0,122
"314","Traverse City, MI",-85.6206317,44.7630567,71,941,343,317,49,1,362,3272,74,928,375,155,31,2,475
"315","Trenton, NJ",-74.759717,40.2205824,60,883,245,237,13,0,328,2149,45,749,248,213,36,0,238
"316","Tucson, AZ",-110.9747108,32.2226066,70,5933,1456,1763,120,9,1918,15958,91,4823,1268,1082,81,7,1267
"317","Tulsa, OK",-95.992775,36.1539816,187,5284,1134,1624,139,3,1574,14779,192,4024,911,820,82,6,1232
"318","Twin Falls, ID",-114.4700518,42.5558381,8,155,78,52,8,0,40,1169,9,219,90,29,18,1,83
"319","Tyler, TX",-95.3010624,32.3512601,26,102,31,37,14,0,38,478,28,138,43,22,7,0,52
"320","Valdosta, GA",-83.2784851,30.8327022,5,165,61,68,4,0,56,668,5,180,67,57,5,0,63
"321","Valparaiso, FL",-86.5027282,30.5085309,76,1296,332,407,91,1,327,4645,77,1043,315,223,22,2,354
"322","Waco, TX",-97.1466695,31.549333,14,107,41,37,11,0,43,468,17,115,29,32,8,0,46
"323","Washington, DC",-77.0368707,38.9071923,3196,43328,11638,12215,1567,74,12113,138488,3239,40257,13525,10892,1308,53,11630
"324","Waterloo, IA",-92.3425775,42.492786,12,178,82,49,13,0,81,647,13,172,56,43,8,0,62
"325","West Palm Beach/Palm Beach, FL",-80.0533746,26.7153424,605,9382,2965,3579,276,20,2640,24668,628,9187,2898,2676,142,13,3031
"326","West Yellowstone, MT",-111.1041092,44.6621493,2,32,31,17,2,0,6,232,3,103,18,13,0,0,35
"327","White Plains, NY",-73.7629097,41.0339862,264,3098,753,1442,90,9,1085,7685,285,2642,967,1219,63,8,951
"328","Wichita Falls, TX",-98.4933873,33.9137085,18,75,14,21,5,0,21,354,18,97,16,17,6,0,27
"329","Wichita, KS",-97.330053,37.6871761,97,2749,703,778,91,1,871,8713,107,2137,626,471,53,2,760
"330","Williston, ND",-103.6179745,48.1469683,9,247,108,66,15,0,78,1326,10,272,129,61,31,2,82
"331","Wilmington, NC",-77.9447102,34.2257255,82,967,332,342,60,2,324,3293,83,819,216,130,25,1,317
"332","Worcester, MA",-71.8022934,42.2625932,30,287,63,124,14,0,76,718,30,260,107,123,3,0,141
"333","Wrangell, AK",-132.3766666,56.4708333,7,212,83,35,13,1,75,726,13,152,56,15,6,0,71
"334","Yakutat, AK",-139.7272808,59.5469878,5,156,61,18,3,0,70,724,13,130,56,23,7,2,56
"335","Youngstown/Warren, OH",-80.8184166,41.2375569,0,2,2,2,0,0,0,2,0,2,1,0,0,0,1
"336","Yuma, AZ",-114.6276916,32.6926512,2,338,58,101,3,2,111,1380,2,307,53,26,0,2,81
